-- phpMyAdmin SQL Dump
-- version 4.9.5deb2
-- https://www.phpmyadmin.net/
--
-- Host: localhost:3306
-- Generation Time: Mar 12, 2022 at 11:35 AM
-- Server version: 8.0.28-0ubuntu0.20.04.3
-- PHP Version: 7.4.3

SET SQL_MODE = "NO_AUTO_VALUE_ON_ZERO";
SET AUTOCOMMIT = 0;
START TRANSACTION;
SET time_zone = "+00:00";


/*!40101 SET @OLD_CHARACTER_SET_CLIENT=@@CHARACTER_SET_CLIENT */;
/*!40101 SET @OLD_CHARACTER_SET_RESULTS=@@CHARACTER_SET_RESULTS */;
/*!40101 SET @OLD_COLLATION_CONNECTION=@@COLLATION_CONNECTION */;
/*!40101 SET NAMES utf8mb4 */;

--
-- Database: `al-maktaba_db`
--

-- --------------------------------------------------------

--
-- Table structure for table `tab_actions`
--

CREATE TABLE `tab_actions` (
  `ActionId` int UNSIGNED NOT NULL,
  `Action` varchar(255) NOT NULL,
  `ActionTitle` varchar(255) NOT NULL,
  `CreatedAt` datetime NOT NULL DEFAULT CURRENT_TIMESTAMP
) ENGINE=InnoDB DEFAULT CHARSET=utf8mb3;

--
-- Dumping data for table `tab_actions`
--

INSERT INTO `tab_actions` (`ActionId`, `Action`, `ActionTitle`, `CreatedAt`) VALUES
(1, '/books/default', 'Show books list', '2021-08-26 09:43:29'),
(2, '/books/show', 'Show book details', '2021-08-26 09:43:29'),
(3, '/books/create', 'Create a new book', '2021-08-26 09:43:29'),
(4, '/books/edit', 'Edit book details', '2021-08-26 09:43:29'),
(5, '/books/delete', 'Delete book details', '2021-08-26 09:43:29'),
(6, '/authors/default', 'Show authors list', '2021-08-26 10:22:10'),
(7, '/authors/show', 'Show author details', '2021-09-09 09:08:45'),
(8, '/authors/create', 'Create a new author', '2021-09-09 09:09:51'),
(9, '/authors/edit', 'Edit author details', '2021-09-09 09:11:18'),
(10, '/authors/delete', 'Delete author details', '2021-09-09 09:11:45'),
(11, '/categories/default', 'Show categories list', '2021-09-09 09:41:08'),
(12, '/categories/show', 'Show category details', '2021-09-09 09:41:34'),
(13, '/categories/create', 'Create a new category', '2021-09-09 09:42:03'),
(14, '/categories/edit', 'Edit category details', '2021-09-09 09:42:29'),
(15, '/categories/delete', 'Delete category details', '2021-09-09 09:42:54'),
(16, '/lendBooks/default', 'Show lend books', '2021-09-09 09:45:39'),
(17, '/lendBooks/show', 'Show lend details', '2021-09-09 09:46:47'),
(18, '/lendBooks/create', 'Create a new lend', '2021-09-09 09:48:42'),
(19, '/lendBooks/edit', 'Edit lend details', '2021-09-09 09:49:23'),
(20, '/lendBooks/delete', 'Delete lend details', '2021-09-09 09:50:00'),
(21, '/members/default', 'Show members list', '2021-09-09 09:52:28'),
(22, '/members/show', 'Show member details', '2021-09-09 09:52:59'),
(23, '/members/create', 'Create a new member', '2021-09-09 09:53:28'),
(24, '/members/edit', 'Edit member details', '2021-09-09 09:54:01'),
(25, '/members/delete', 'Delete member details', '2021-09-09 09:54:23'),
(26, '/ranges/default', 'Show ranges list', '2021-09-09 09:55:34'),
(27, '/ranges/show', 'Show range details', '2021-09-09 09:56:51'),
(28, '/ranges/create', 'Create a new range', '2021-09-09 09:58:14'),
(29, '/ranges/edit', 'Edit range details', '2021-09-09 09:58:49'),
(30, '/ranges/delete', 'Delete range details', '2021-09-09 09:59:16'),
(31, '/actions/default', 'Show actions list', '2021-09-09 10:00:28'),
(32, '/actions/show', 'Show action details', '2021-09-09 10:01:00'),
(33, '/actions/create', 'Create a new action', '2021-09-09 10:01:30'),
(34, '/actions/edit', 'Edit action details', '2021-09-09 10:02:09'),
(35, '/actions/delete', 'Delete action details', '2021-09-09 10:02:39'),
(36, '/books/filter', 'Filter Search for Books', '2021-09-14 18:33:37'),
(37, '/categories/filter', 'Filter Search for Categories', '2021-09-30 21:40:58'),
(38, '/authors/filter', 'Filter Search for Authors', '2021-09-30 21:42:16'),
(39, '/lendBooks/filter', 'Filter Search for lending books', '2021-09-30 21:43:29'),
(40, '/members/filter', 'Filter Search for Members', '2021-09-30 21:44:33'),
(41, '/ranges/filter', 'Filter Search for Ranges', '2021-09-30 21:45:43'),
(42, '/actions/filter', 'Filter Search for Actions', '2021-09-30 21:46:54'),
(43, '/members/profile', 'Profile Page', '2021-10-01 23:20:28'),
(44, '/members/settings', 'Settings', '2021-10-01 23:21:42'),
(45, '/members/library', 'Library Settings', '2021-10-03 13:19:36');

-- --------------------------------------------------------

--
-- Table structure for table `tab_attachments`
--

CREATE TABLE `tab_attachments` (
  `AttachmentId` int UNSIGNED NOT NULL,
  `Attachment` varchar(255) DEFAULT NULL,
  `AttachmentUpdatedAt` datetime DEFAULT NULL,
  `CreatedAt` datetime NOT NULL DEFAULT CURRENT_TIMESTAMP
) ENGINE=InnoDB DEFAULT CHARSET=utf8mb3;

--
-- Dumping data for table `tab_attachments`
--

INSERT INTO `tab_attachments` (`AttachmentId`, `Attachment`, `AttachmentUpdatedAt`, `CreatedAt`) VALUES
(4, '7_4_Symfony-:-Getting-Started.pdf', '2022-03-09 19:02:22', '2022-03-09 19:02:22');

-- --------------------------------------------------------

--
-- Table structure for table `tab_authors`
--

CREATE TABLE `tab_authors` (
  `AuthorId` int UNSIGNED NOT NULL,
  `AuthorName` varchar(255) NOT NULL,
  `AboutAuthor` longtext,
  `Nationality` varchar(255) DEFAULT NULL,
  `ImageAuthor` varchar(255) DEFAULT NULL,
  `ImageUpdatedAt` datetime DEFAULT NULL,
  `CreatedAt` datetime NOT NULL DEFAULT CURRENT_TIMESTAMP
) ENGINE=InnoDB DEFAULT CHARSET=utf8mb3;

--
-- Dumping data for table `tab_authors`
--

INSERT INTO `tab_authors` (`AuthorId`, `AuthorName`, `AboutAuthor`, `Nationality`, `ImageAuthor`, `ImageUpdatedAt`, `CreatedAt`) VALUES
(1, 'Karl Beecher', '', 'British', '', '2022-03-09 13:18:38', '2022-03-09 12:27:09'),
(2, 'Richard Clark', '', '', NULL, NULL, '2022-03-09 13:08:25'),
(3, 'Oli Studholme', '', '', NULL, NULL, '2022-03-09 13:08:42'),
(4, 'Christopher Murphy', '', '', NULL, NULL, '2022-03-09 13:08:56'),
(5, 'Divya Manian', '', '', NULL, NULL, '2022-03-09 13:09:07'),
(6, 'Mathieu Nebra', '', '', NULL, NULL, '2022-03-09 13:16:42'),
(7, 'George Nicolas', '', '', NULL, NULL, '2022-03-09 13:22:38'),
(8, 'Frank M. Kromann', '', '', NULL, NULL, '2022-03-09 13:29:33'),
(9, 'Phil Sturgeon', '', '', NULL, NULL, '2022-03-09 13:33:49'),
(10, 'Josh Lockhart', '', '', NULL, NULL, '2022-03-09 13:34:10'),
(11, 'Larry Ullman', '', '', NULL, NULL, '2022-03-09 13:41:16'),
(12, 'Brad Dayley', '', '', NULL, NULL, '2022-03-09 13:44:33'),
(13, 'Brendan Dayley', '', '', NULL, NULL, '2022-03-09 13:44:46'),
(14, 'Caleb Dayley', '', '', NULL, NULL, '2022-03-09 13:44:56'),
(15, 'Greg Lim', '', '', NULL, NULL, '2022-03-09 13:48:07');

-- --------------------------------------------------------

--
-- Table structure for table `tab_books`
--

CREATE TABLE `tab_books` (
  `BookId` int UNSIGNED NOT NULL,
  `BookTitle` varchar(255) NOT NULL,
  `AboutBook` longtext,
  `ReadingSummaries` longtext,
  `WritingYearH` int DEFAULT NULL,
  `WritingYearG` int DEFAULT NULL,
  `EditionYearH` int DEFAULT NULL,
  `EditionYearG` int DEFAULT NULL,
  `Editor` varchar(255) DEFAULT NULL,
  `Language` varchar(255) NOT NULL,
  `AddLanguage` varchar(255) CHARACTER SET utf8 COLLATE utf8_general_ci DEFAULT NULL,
  `Reference` varchar(255) DEFAULT NULL,
  `ImageCover` varchar(255) DEFAULT NULL,
  `ImageUpdatedAt` datetime DEFAULT NULL,
  `Pdf` varchar(255) DEFAULT NULL,
  `PdfUpdatedAt` datetime DEFAULT NULL,
  `CreatedAt` datetime NOT NULL DEFAULT CURRENT_TIMESTAMP
) ENGINE=InnoDB DEFAULT CHARSET=utf8mb3;

--
-- Dumping data for table `tab_books`
--

INSERT INTO `tab_books` (`BookId`, `BookTitle`, `AboutBook`, `ReadingSummaries`, `WritingYearH`, `WritingYearG`, `EditionYearH`, `EditionYearG`, `Editor`, `Language`, `AddLanguage`, `Reference`, `ImageCover`, `ImageUpdatedAt`, `Pdf`, `PdfUpdatedAt`, `CreatedAt`) VALUES
(1, 'COMPUTATIONAL THINKING\r\nA beginner’s guide to problem-solving and programming', '', '', 0, 0, 0, 2017, 'BCS Learning &amp; Development Ltd', 'English', '', '', '1_COMPUTATIONAL-THINKING--A-beginner’s-guide-to-problem-solving-and-programming.jpg', '2022-03-09 12:14:52', '1_COMPUTATIONAL-THINKING--A-beginner’s-guide-to-problem-solving-and-programming.pdf', '2022-03-09 12:21:23', '2022-03-09 12:14:52'),
(2, 'Beginning HTML5 and CSS3', '', '', 0, 0, 0, 2012, '', 'English', '', '', '2_Beginning-HTML5-and-CSS3.jpg', '2022-03-09 12:58:28', '2_Beginning-HTML5-and-CSS3.pdf', '2022-03-09 12:58:29', '2022-03-09 12:58:28'),
(3, 'Réalisez votre site web avec HTML 5 et CSS 3', '', '', 0, 0, 0, 2017, '2em édition Eyrolles (1er édition OpenClassrooms)', 'Français', '', '', '3_Réalisez-votre-site-web-avec-HTML-5-et-CSS-3.jpg', '2022-03-09 13:16:20', '3_Réalisez-votre-site-web-avec-HTML-5-et-CSS-3.pdf', '2022-03-09 13:16:20', '2022-03-09 13:16:20'),
(4, 'JavaScript Fundamental\r\nAn Introduction to JavaScript Programming', '', '', 0, 0, 0, 0, '', 'English', '', '', '4_JavaScript-Fundamental--An-Introduction-to-JavaScript-Programming.jpg', '2022-03-09 13:27:56', '4_JavaScript-Fundamental--An-Introduction-to-JavaScript-Programming.pdf', '2022-03-09 13:27:56', '2022-03-09 13:27:56'),
(5, 'Beginning PHP and MySQL\r\nFrom Novice to Professional', '', '', 0, 0, 0, 2018, 'Apress', 'English', '', '', '5_Beginning-PHP-and-MySQL--From-Novice-to-Professional.jpg', '2022-03-09 13:31:29', '5_Beginning-PHP-and-MySQL--From-Novice-to-Professional.pdf', '2022-03-09 13:31:52', '2022-03-09 13:31:29'),
(6, 'PHP\r\nThe Right Way', '', '', 0, 0, 0, 2016, 'Leanpub', 'English', '', '', '6_PHP--The-Right-Way.jpg', '2022-03-09 13:36:15', '6_PHP--The-Right-Way.pdf', '2022-03-09 13:36:15', '2022-03-09 13:36:15'),
(7, 'Symfony\r\nThe Best Practices Book', '', '', 0, 0, 0, 2018, 'SensioLabs', 'English', '', '', '7_Symfony--The-Best-Practices-Book.jpg', '2022-03-09 13:40:15', '7_Symfony--The-Best-Practices-Book.pdf', '2022-03-09 13:40:15', '2022-03-09 13:40:15'),
(8, 'PHP Advanced and Object-Oriented Programming', '', '', 0, 0, 0, 2013, 'Peachpit Press', 'English', '', '', '8_PHP-Advanced-and-Object-Oriented-Programming.jpg', '2022-03-09 13:43:34', '8_PHP-Advanced-and-Object-Oriented-Programming.pdf', '2022-03-09 13:43:34', '2022-03-09 13:43:34'),
(9, 'Node.js, MongoDB and Angular\r\nWeb Development', '', '', 0, 0, 0, 2018, 'Pearson Education', 'English', '', '', '9_Node.js,-MongoDB-and-Angular--Web-Development.jpg', '2022-03-09 13:47:01', '9_Node.js,-MongoDB-and-Angular--Web-Development.pdf', '2022-03-09 13:47:01', '2022-03-09 13:47:01'),
(10, 'Beginning Node.js,\r\nExpress &amp; MongoDB Development', '', '', 0, 0, 0, 2019, '', 'English', '', '', '10_Beginning-Node.js,--Express-&-MongoDB-Development.jpg', '2022-03-09 13:49:36', '10_Beginning-Node.js,--Express-&-MongoDB-Development.pdf', '2022-03-09 13:49:36', '2022-03-09 13:49:36');

-- --------------------------------------------------------

--
-- Table structure for table `tab_books_attachments`
--

CREATE TABLE `tab_books_attachments` (
  `Id` int UNSIGNED NOT NULL,
  `BookId` int UNSIGNED NOT NULL,
  `AttachmentId` int UNSIGNED NOT NULL,
  `CreatedAt` datetime NOT NULL DEFAULT CURRENT_TIMESTAMP
) ENGINE=InnoDB DEFAULT CHARSET=utf8mb3;

--
-- Dumping data for table `tab_books_attachments`
--

INSERT INTO `tab_books_attachments` (`Id`, `BookId`, `AttachmentId`, `CreatedAt`) VALUES
(4, 7, 4, '2022-03-09 19:02:22');

-- --------------------------------------------------------

--
-- Table structure for table `tab_books_authors`
--

CREATE TABLE `tab_books_authors` (
  `Id` int UNSIGNED NOT NULL,
  `BookId` int UNSIGNED NOT NULL,
  `AuthorId` int UNSIGNED NOT NULL,
  `CreatedAt` datetime NOT NULL DEFAULT CURRENT_TIMESTAMP
) ENGINE=InnoDB DEFAULT CHARSET=utf8mb3;

--
-- Dumping data for table `tab_books_authors`
--

INSERT INTO `tab_books_authors` (`Id`, `BookId`, `AuthorId`, `CreatedAt`) VALUES
(93, 73, 85, '2021-09-22 14:32:13'),
(94, 74, 64, '2021-09-22 14:38:10'),
(95, 75, 86, '2021-09-22 14:42:34'),
(96, 76, 84, '2021-09-22 14:45:52'),
(97, 77, 87, '2021-09-22 14:49:28'),
(98, 79, 88, '2021-09-22 14:54:39'),
(99, 80, 89, '2021-09-22 14:57:19'),
(100, 81, 90, '2021-09-23 09:39:03'),
(101, 82, 91, '2021-09-23 09:46:18'),
(102, 82, 92, '2021-09-23 09:46:18'),
(103, 83, 93, '2021-09-23 09:55:40'),
(104, 84, 94, '2021-09-23 09:58:57'),
(105, 85, 95, '2021-09-23 10:03:48'),
(106, 85, 96, '2021-09-23 10:03:48'),
(107, 86, 97, '2021-09-23 10:12:03'),
(108, 87, 98, '2021-09-23 10:15:10'),
(109, 88, 99, '2021-09-23 10:18:38'),
(110, 89, 100, '2021-09-23 10:25:39'),
(111, 90, 101, '2021-09-23 10:29:50'),
(112, 91, 102, '2021-09-24 08:00:30'),
(113, 91, 103, '2021-09-24 08:00:30'),
(114, 92, 104, '2021-09-24 08:04:41'),
(115, 93, 105, '2021-09-24 08:14:10'),
(116, 93, 106, '2021-09-24 08:14:10'),
(117, 93, 107, '2021-09-24 08:14:10'),
(118, 93, 108, '2021-09-24 08:14:10'),
(119, 93, 109, '2021-09-24 08:14:10'),
(120, 96, 110, '2021-09-24 08:26:33'),
(121, 96, 111, '2021-09-24 08:26:33'),
(122, 97, 112, '2021-09-24 08:31:26'),
(123, 97, 113, '2021-09-24 08:31:26'),
(124, 97, 114, '2021-09-24 08:31:26'),
(125, 98, 115, '2021-09-24 08:35:41'),
(126, 99, 116, '2021-09-24 08:40:34'),
(127, 100, 117, '2021-09-24 08:46:41'),
(128, 101, 118, '2021-09-25 08:09:17'),
(129, 101, 119, '2021-09-25 08:09:17'),
(130, 102, 120, '2021-09-25 08:12:31'),
(131, 104, 121, '2021-09-25 08:23:54'),
(132, 105, 122, '2021-09-25 08:26:46'),
(133, 106, 123, '2021-09-25 08:31:50'),
(134, 108, 125, '2021-09-25 08:42:57'),
(135, 109, 126, '2021-09-25 08:48:37'),
(136, 110, 127, '2021-09-25 08:52:04'),
(137, 111, 128, '2021-09-26 10:17:43'),
(138, 112, 129, '2021-09-26 10:21:27'),
(139, 113, 130, '2021-09-26 10:24:32'),
(140, 114, 131, '2021-09-26 10:29:18'),
(141, 115, 132, '2021-09-26 10:33:42'),
(142, 116, 133, '2021-09-26 10:38:16'),
(143, 117, 134, '2021-09-26 10:44:43'),
(144, 117, 135, '2021-09-26 10:44:43'),
(145, 117, 136, '2021-09-26 10:44:43'),
(146, 118, 137, '2021-09-26 10:48:20'),
(147, 119, 138, '2021-09-26 10:53:14'),
(148, 120, 139, '2021-09-26 10:58:14'),
(149, 121, 68, '2021-09-26 17:11:18'),
(150, 122, 140, '2021-09-26 17:15:19'),
(151, 123, 141, '2021-09-26 17:19:16'),
(152, 124, 142, '2021-09-26 17:23:38'),
(153, 125, 143, '2021-09-26 17:28:58'),
(154, 125, 144, '2021-09-26 17:28:58'),
(155, 126, 64, '2021-09-26 17:34:00'),
(156, 127, 145, '2021-09-26 17:38:39'),
(157, 128, 146, '2021-09-26 17:44:15'),
(158, 129, 147, '2021-09-26 17:48:59'),
(159, 130, 148, '2021-09-26 17:54:45'),
(160, 131, 149, '2021-09-27 11:32:06'),
(161, 132, 150, '2021-09-27 11:38:06'),
(162, 133, 6, '2021-09-27 11:43:54'),
(163, 135, 151, '2021-09-27 11:55:10'),
(164, 135, 152, '2021-09-27 11:55:10'),
(165, 136, 153, '2021-09-27 12:01:02'),
(166, 137, 154, '2021-09-27 12:06:02'),
(167, 138, 155, '2021-09-27 12:09:46'),
(168, 139, 156, '2021-09-27 12:14:45'),
(169, 140, 157, '2021-09-28 08:08:37'),
(170, 141, 158, '2021-09-28 08:10:31'),
(171, 142, 159, '2021-09-28 08:12:09'),
(172, 143, 160, '2021-09-28 08:15:38'),
(173, 144, 160, '2021-09-28 08:18:03'),
(174, 145, 160, '2021-09-28 08:21:57'),
(175, 146, 160, '2021-09-28 08:23:39'),
(176, 147, 161, '2021-09-28 08:26:02'),
(177, 148, 68, '2021-09-28 08:27:53'),
(178, 149, 162, '2021-09-28 08:30:20'),
(179, 150, 163, '2021-09-28 08:32:47'),
(180, 151, 164, '2021-09-28 08:34:39'),
(181, 152, 165, '2021-09-28 08:38:24'),
(182, 154, 167, '2021-09-28 08:42:08'),
(183, 155, 168, '2021-09-28 08:45:06'),
(184, 156, 169, '2021-09-28 08:46:54'),
(185, 157, 170, '2021-09-28 08:48:37'),
(186, 158, 171, '2021-09-28 08:51:33'),
(187, 159, 172, '2021-09-28 08:57:05'),
(188, 160, 173, '2021-09-28 08:58:47'),
(189, 161, 141, '2021-09-28 16:00:18'),
(190, 161, 174, '2021-09-28 16:00:18'),
(191, 161, 175, '2021-09-28 16:00:18'),
(192, 161, 176, '2021-09-28 16:00:18'),
(193, 162, 177, '2021-09-28 16:02:55'),
(194, 163, 178, '2021-09-28 16:33:23'),
(195, 164, 179, '2021-09-28 16:35:31'),
(196, 165, 180, '2021-09-28 16:37:52'),
(197, 166, 181, '2021-09-28 16:40:11'),
(198, 167, 182, '2021-09-28 16:42:47'),
(199, 167, 183, '2021-09-28 16:42:47'),
(200, 168, 184, '2021-09-28 16:44:55'),
(201, 169, 185, '2021-09-28 16:46:23'),
(202, 170, 186, '2021-09-28 16:48:12'),
(203, 171, 187, '2021-09-28 21:27:00'),
(204, 172, 188, '2021-09-28 21:28:33'),
(205, 173, 189, '2021-09-28 21:36:21'),
(206, 174, 190, '2021-09-28 21:38:35'),
(207, 175, 191, '2021-09-28 21:40:52'),
(208, 176, 10, '2021-09-28 22:13:23'),
(209, 177, 192, '2021-09-28 22:15:30'),
(210, 178, 193, '2021-09-28 22:17:21'),
(211, 179, 194, '2021-09-28 22:19:01'),
(212, 180, 195, '2021-09-28 22:20:40'),
(213, 181, 196, '2021-09-29 10:06:15'),
(214, 182, 197, '2021-09-29 10:07:52'),
(215, 183, 198, '2021-09-29 11:57:41'),
(216, 184, 141, '2021-09-29 11:59:50'),
(217, 185, 199, '2021-09-29 12:01:32'),
(218, 186, 200, '2021-09-29 12:02:53'),
(219, 187, 201, '2021-09-29 12:04:24'),
(220, 188, 202, '2021-09-29 12:06:04'),
(221, 189, 190, '2021-09-29 12:06:58'),
(222, 190, 203, '2021-09-29 12:08:36'),
(223, 191, 165, '2021-09-30 07:38:29'),
(224, 192, 204, '2021-09-30 07:41:08'),
(225, 193, 205, '2021-09-30 07:47:41'),
(226, 194, 64, '2021-09-30 07:48:58'),
(227, 195, 206, '2021-09-30 07:51:23'),
(228, 195, 207, '2021-09-30 07:51:23'),
(229, 196, 208, '2021-09-30 07:54:23'),
(230, 197, 208, '2021-09-30 07:55:52'),
(231, 198, 209, '2021-09-30 07:58:26'),
(232, 199, 210, '2021-09-30 08:01:06'),
(233, 204, 211, '2021-10-01 07:48:18'),
(234, 205, 211, '2021-10-01 07:50:09'),
(235, 206, 212, '2021-10-01 07:52:29'),
(236, 207, 189, '2021-10-01 07:54:22'),
(237, 208, 213, '2021-10-01 07:56:28'),
(238, 209, 189, '2021-10-01 07:58:52'),
(239, 210, 214, '2021-10-01 08:01:18'),
(240, 211, 215, '2021-10-01 08:09:22'),
(241, 212, 216, '2021-10-01 08:11:32'),
(242, 213, 186, '2021-10-01 08:14:24'),
(243, 214, 217, '2021-10-01 08:16:26'),
(244, 215, 218, '2021-10-01 08:19:25'),
(245, 216, 219, '2021-10-01 08:21:10'),
(246, 217, 220, '2021-10-01 08:22:54'),
(247, 218, 221, '2021-10-01 08:24:50'),
(248, 219, 222, '2021-10-01 08:26:46'),
(249, 220, 223, '2021-10-01 08:28:43'),
(250, 221, 224, '2021-10-01 08:36:31'),
(251, 222, 224, '2021-10-01 08:38:07'),
(252, 223, 224, '2021-10-01 08:39:23'),
(253, 224, 224, '2021-10-01 08:40:39'),
(254, 225, 225, '2021-10-01 08:43:35'),
(255, 226, 225, '2021-10-01 08:44:47'),
(256, 227, 225, '2021-10-01 08:45:56'),
(257, 228, 226, '2021-10-01 08:47:18'),
(258, 229, 227, '2021-10-01 08:49:34'),
(259, 229, 228, '2021-10-01 08:49:34'),
(260, 230, 229, '2021-10-01 08:51:14'),
(261, 231, 230, '2021-10-02 07:52:18'),
(262, 232, 231, '2021-10-02 07:54:24'),
(263, 233, 232, '2021-10-02 07:56:19'),
(264, 234, 82, '2021-10-02 07:58:45'),
(265, 236, 233, '2021-10-02 08:02:26'),
(266, 237, 234, '2021-10-02 08:04:52'),
(267, 238, 235, '2021-10-02 08:07:35'),
(268, 238, 236, '2021-10-02 08:07:35'),
(269, 239, 237, '2021-10-02 08:10:58'),
(270, 239, 238, '2021-10-02 08:10:58'),
(271, 239, 239, '2021-10-02 08:10:58'),
(272, 240, 240, '2021-10-02 08:13:02'),
(273, 241, 188, '2021-10-02 08:21:30'),
(274, 242, 241, '2021-10-02 08:23:47'),
(275, 243, 242, '2021-10-02 08:26:12'),
(276, 243, 243, '2021-10-02 08:26:12'),
(277, 244, 244, '2021-10-02 08:29:57'),
(278, 245, 245, '2021-10-02 08:33:20'),
(279, 246, 246, '2021-10-02 08:36:16'),
(280, 247, 247, '2021-10-02 08:38:50'),
(281, 248, 248, '2021-10-02 08:42:38'),
(282, 248, 249, '2021-10-02 08:42:38'),
(283, 249, 250, '2021-10-02 08:44:58'),
(284, 250, 251, '2021-10-02 08:47:04'),
(285, 251, 252, '2021-10-02 08:51:33'),
(286, 252, 253, '2021-10-02 08:53:32'),
(287, 253, 254, '2021-10-02 08:55:35'),
(288, 253, 255, '2021-10-02 08:55:35'),
(289, 254, 256, '2021-10-02 08:57:43'),
(290, 254, 257, '2021-10-02 08:57:43'),
(291, 254, 258, '2021-10-02 08:57:43'),
(292, 301, 259, '2021-10-03 08:49:46'),
(293, 301, 260, '2021-10-03 08:49:46'),
(294, 302, 261, '2021-10-03 08:52:27'),
(295, 303, 188, '2021-10-03 08:54:26'),
(296, 304, 262, '2021-10-03 08:57:04'),
(297, 304, 263, '2021-10-03 08:57:04'),
(298, 306, 264, '2021-10-03 09:00:10'),
(299, 307, 194, '2021-10-03 09:02:01'),
(300, 308, 194, '2021-10-03 09:04:06'),
(301, 309, 222, '2021-10-03 09:06:00'),
(302, 310, 265, '2021-10-03 09:07:38'),
(303, 311, 266, '2021-10-04 08:53:56'),
(304, 312, 267, '2021-10-04 08:56:32'),
(305, 313, 268, '2021-10-04 08:58:33'),
(306, 314, 64, '2021-10-04 08:59:59'),
(307, 315, 269, '2021-10-04 09:02:19'),
(308, 316, 270, '2021-10-04 09:05:16'),
(309, 316, 271, '2021-10-04 09:05:16'),
(310, 317, 272, '2021-10-04 09:07:18'),
(311, 318, 273, '2021-10-04 09:09:57'),
(312, 319, 274, '2021-10-04 09:12:01'),
(313, 320, 275, '2021-10-04 09:13:52'),
(314, 321, 222, '2021-10-04 09:15:30'),
(315, 323, 276, '2021-10-04 09:25:47'),
(316, 325, 278, '2021-10-04 09:30:54'),
(317, 326, 82, '2021-10-04 09:32:48'),
(318, 327, 279, '2021-10-04 09:35:44'),
(319, 327, 280, '2021-10-04 09:35:44'),
(320, 327, 281, '2021-10-04 09:35:44'),
(321, 328, 282, '2021-10-04 09:37:06'),
(322, 329, 283, '2021-10-04 09:39:06'),
(323, 329, 284, '2021-10-04 09:39:06'),
(324, 330, 285, '2021-10-04 09:42:47'),
(325, 331, 286, '2021-10-04 17:36:52'),
(326, 332, 287, '2021-10-04 17:40:05'),
(327, 333, 288, '2021-10-04 17:42:10'),
(328, 334, 289, '2021-10-04 17:43:40'),
(329, 335, 290, '2021-10-04 17:46:18'),
(330, 335, 291, '2021-10-04 17:46:18'),
(331, 335, 292, '2021-10-04 17:46:18'),
(332, 336, 293, '2021-10-04 17:48:10'),
(333, 337, 294, '2021-10-04 17:49:55'),
(334, 338, 295, '2021-10-04 17:52:11'),
(335, 339, 296, '2021-10-04 17:54:31'),
(336, 340, 297, '2021-10-04 17:57:00'),
(337, 340, 298, '2021-10-04 17:57:00'),
(338, 340, 299, '2021-10-04 17:57:00'),
(339, 340, 300, '2021-10-04 17:57:00'),
(340, 341, 297, '2021-10-05 09:07:14'),
(341, 341, 298, '2021-10-05 09:07:14'),
(342, 341, 299, '2021-10-05 09:07:14'),
(343, 341, 300, '2021-10-05 09:07:14'),
(344, 342, 127, '2021-10-05 09:09:33'),
(345, 342, 301, '2021-10-05 09:09:33'),
(346, 343, 302, '2021-10-05 09:13:15'),
(347, 344, 194, '2021-10-05 09:16:40'),
(348, 345, 303, '2021-10-05 09:21:06'),
(349, 345, 304, '2021-10-05 09:21:06'),
(350, 345, 305, '2021-10-05 09:21:06'),
(351, 345, 306, '2021-10-05 09:21:06'),
(352, 345, 307, '2021-10-05 09:21:06'),
(353, 345, 308, '2021-10-05 09:21:06'),
(354, 345, 309, '2021-10-05 09:21:06'),
(355, 345, 310, '2021-10-05 09:21:06'),
(356, 346, 84, '2021-10-05 09:22:44'),
(357, 347, 84, '2021-10-05 09:24:10'),
(358, 348, 64, '2021-10-05 09:26:16'),
(359, 349, 311, '2021-10-05 09:28:11'),
(360, 349, 312, '2021-10-05 09:28:11'),
(361, 350, 313, '2021-10-05 09:30:17'),
(362, 351, 314, '2021-10-05 09:32:38'),
(363, 352, 315, '2021-10-05 09:35:36'),
(364, 353, 316, '2021-10-05 09:39:04'),
(365, 353, 317, '2021-10-05 09:39:04'),
(366, 353, 318, '2021-10-05 09:39:04'),
(367, 353, 319, '2021-10-05 09:39:04'),
(368, 354, 320, '2021-10-05 09:41:14'),
(369, 355, 64, '2021-10-05 09:42:32'),
(370, 356, 321, '2021-10-05 09:45:24'),
(371, 356, 322, '2021-10-05 09:45:24'),
(372, 356, 323, '2021-10-05 09:45:24'),
(373, 357, 186, '2021-10-05 09:46:57'),
(374, 358, 324, '2021-10-05 09:55:12'),
(375, 359, 325, '2021-10-05 09:56:56'),
(376, 360, 129, '2021-10-05 09:58:33'),
(377, 361, 326, '2021-10-05 10:11:36'),
(378, 362, 83, '2021-10-05 10:13:07'),
(379, 363, 327, '2021-10-05 10:16:38'),
(380, 364, 328, '2021-10-05 10:20:30'),
(381, 365, 329, '2021-10-05 10:23:02'),
(382, 366, 330, '2021-10-05 10:25:08'),
(383, 367, 331, '2021-10-05 10:27:18'),
(384, 370, 332, '2021-10-05 10:32:15'),
(385, 371, 333, '2021-10-05 11:17:45'),
(386, 372, 334, '2021-10-05 11:23:22'),
(387, 374, 335, '2021-10-05 11:37:10'),
(388, 375, 336, '2021-10-05 11:45:00'),
(389, 377, 337, '2021-10-05 12:02:58'),
(390, 378, 338, '2021-10-05 12:18:39'),
(391, 381, 339, '2021-10-06 09:34:30'),
(392, 408, 84, '2021-10-09 17:21:23'),
(393, 409, 340, '2021-10-09 17:25:50'),
(394, 410, 341, '2021-10-09 17:30:26'),
(395, 412, 342, '2021-10-10 14:07:09'),
(396, 412, 343, '2021-10-10 14:07:09'),
(397, 415, 344, '2021-10-10 14:24:23'),
(398, 416, 345, '2021-10-10 14:28:10'),
(399, 417, 80, '2021-10-10 14:31:28'),
(400, 419, 346, '2021-10-10 14:40:40'),
(401, 420, 347, '2021-10-10 14:43:51'),
(402, 421, 348, '2021-10-11 13:54:34'),
(403, 422, 349, '2021-10-11 13:58:10'),
(404, 423, 350, '2021-10-11 14:01:24'),
(405, 425, 351, '2021-10-11 14:06:47'),
(406, 427, 352, '2021-10-11 14:14:23'),
(407, 428, 353, '2021-10-11 14:18:16'),
(408, 429, 354, '2021-10-11 14:22:51'),
(409, 430, 355, '2021-10-11 14:25:03'),
(410, 433, 68, '2021-10-12 17:45:17'),
(411, 434, 68, '2021-10-12 17:46:54'),
(412, 435, 68, '2021-10-12 17:48:13'),
(413, 436, 356, '2021-10-12 17:50:17'),
(414, 437, 357, '2021-10-12 17:53:20'),
(415, 438, 358, '2021-10-12 17:58:47'),
(416, 439, 359, '2021-10-12 18:00:58'),
(417, 440, 360, '2021-10-12 18:03:45'),
(418, 442, 361, '2021-10-14 08:49:17'),
(419, 442, 362, '2021-10-14 08:49:17'),
(420, 443, 363, '2021-10-14 08:57:44'),
(421, 443, 364, '2021-10-14 08:57:44'),
(422, 443, 365, '2021-10-14 08:57:44'),
(423, 445, 177, '2021-10-14 09:14:11'),
(424, 445, 366, '2021-10-14 09:14:11'),
(425, 447, 367, '2021-10-14 09:26:30'),
(426, 448, 368, '2021-10-14 09:29:18'),
(427, 448, 369, '2021-10-14 09:29:18'),
(428, 450, 370, '2021-10-14 09:39:26'),
(429, 451, 371, '2021-10-15 10:54:41'),
(430, 452, 371, '2021-10-15 10:56:06'),
(432, 454, 373, '2021-10-15 11:05:23'),
(433, 455, 374, '2021-10-15 11:12:12'),
(434, 456, 375, '2021-10-15 11:17:17'),
(435, 457, 376, '2021-10-15 11:27:34'),
(436, 458, 377, '2021-10-15 11:32:54'),
(437, 459, 378, '2021-10-15 11:36:11'),
(438, 460, 379, '2021-10-15 11:39:15'),
(439, 461, 372, '2021-10-15 18:10:15'),
(440, 453, 371, '2021-10-15 18:13:11'),
(441, 462, 380, '2021-10-16 09:40:15'),
(442, 463, 381, '2021-10-16 09:45:10'),
(443, 464, 382, '2021-10-16 09:51:01'),
(444, 467, 383, '2021-10-16 10:06:10'),
(445, 468, 84, '2021-10-16 10:08:24'),
(446, 469, 276, '2021-10-16 10:12:37'),
(447, 470, 384, '2021-10-16 10:16:44'),
(448, 470, 385, '2021-10-16 10:16:44'),
(449, 471, 386, '2021-10-17 10:36:23'),
(455, 477, 389, '2021-10-17 10:56:47'),
(498, 401, 428, '2021-10-28 13:38:23'),
(499, 405, 429, '2021-10-28 14:03:37'),
(500, 406, 430, '2021-10-28 14:09:14'),
(501, 407, 431, '2021-10-28 14:15:04'),
(502, 472, 147, '2021-10-30 08:04:39'),
(503, 473, 432, '2021-10-30 08:07:33'),
(504, 474, 433, '2021-10-30 08:11:12'),
(505, 475, 433, '2021-10-30 08:12:53'),
(506, 476, 132, '2021-10-30 08:16:45'),
(507, 478, 206, '2021-10-30 08:25:46'),
(508, 478, 207, '2021-10-30 08:25:46'),
(509, 479, 434, '2021-10-30 08:30:26'),
(510, 480, 435, '2021-10-30 08:32:44'),
(511, 481, 436, '2021-10-30 08:37:23'),
(512, 481, 437, '2021-10-30 08:37:23'),
(513, 481, 438, '2021-10-30 08:37:23'),
(514, 482, 439, '2021-10-30 13:39:40'),
(515, 483, 440, '2021-10-30 13:42:15'),
(516, 484, 441, '2021-10-30 13:45:27'),
(517, 485, 442, '2021-10-30 13:48:37'),
(518, 486, 443, '2021-10-30 13:52:53'),
(519, 487, 222, '2021-10-30 13:56:05'),
(520, 488, 0, '2021-10-30 14:03:37'),
(521, 489, 64, '2021-10-30 14:06:18'),
(522, 490, 196, '2021-10-30 14:08:17'),
(523, 491, 444, '2021-10-30 14:11:57'),
(524, 492, 445, '2021-10-31 10:56:59'),
(525, 493, 446, '2021-10-31 11:00:33'),
(526, 494, 447, '2021-10-31 11:03:55'),
(527, 495, 448, '2021-10-31 11:06:42'),
(528, 496, 0, '2021-10-31 11:10:29'),
(529, 497, 84, '2021-10-31 11:13:05'),
(530, 498, 449, '2021-10-31 11:18:07'),
(531, 498, 450, '2021-10-31 11:18:07'),
(532, 499, 303, '2021-10-31 11:24:26'),
(533, 499, 305, '2021-10-31 11:24:26'),
(534, 499, 306, '2021-10-31 11:24:26'),
(535, 499, 307, '2021-10-31 11:24:26'),
(536, 499, 308, '2021-10-31 11:24:26'),
(537, 499, 309, '2021-10-31 11:24:26'),
(538, 499, 310, '2021-10-31 11:24:26'),
(539, 500, 448, '2021-10-31 11:27:47'),
(540, 501, 190, '2021-10-31 11:31:39'),
(541, 502, 348, '2021-10-31 11:35:18'),
(542, 503, 451, '2021-10-31 11:41:43'),
(543, 504, 192, '2021-10-31 11:45:19'),
(544, 505, 452, '2021-10-31 11:48:54'),
(545, 506, 453, '2021-10-31 17:25:39'),
(546, 507, 454, '2021-10-31 17:29:44'),
(547, 508, 68, '2021-10-31 17:33:20'),
(548, 509, 455, '2021-10-31 17:41:08'),
(549, 509, 456, '2021-10-31 17:41:08'),
(550, 510, 457, '2021-10-31 17:44:04'),
(551, 511, 458, '2021-11-01 15:05:19'),
(552, 512, 459, '2021-11-01 15:15:50'),
(553, 512, 460, '2021-11-01 15:15:50'),
(554, 512, 461, '2021-11-01 15:15:50'),
(555, 513, 462, '2021-11-01 15:20:12'),
(556, 514, 463, '2021-11-01 15:24:01'),
(557, 515, 0, '2021-11-01 15:32:22'),
(558, 516, 464, '2021-11-01 15:37:43'),
(559, 516, 465, '2021-11-01 15:37:43'),
(560, 517, 466, '2021-11-01 15:42:41'),
(561, 518, 467, '2021-11-01 15:46:56'),
(562, 520, 0, '2021-11-01 16:01:17'),
(563, 521, 434, '2021-11-01 16:07:05'),
(564, 523, 468, '2021-11-01 16:18:54'),
(565, 524, 469, '2021-11-02 09:07:19'),
(566, 525, 470, '2021-11-02 09:11:44'),
(567, 526, 471, '2021-11-02 09:16:20'),
(568, 526, 472, '2021-11-02 09:16:20'),
(569, 527, 473, '2021-11-02 09:30:56'),
(570, 528, 474, '2021-11-02 09:33:41'),
(571, 530, 475, '2021-11-02 09:41:32'),
(572, 531, 476, '2021-11-02 09:46:21'),
(573, 532, 477, '2021-11-02 09:50:55'),
(574, 532, 478, '2021-11-02 09:50:55'),
(575, 535, 479, '2021-11-02 10:06:52'),
(576, 536, 480, '2021-11-02 10:13:12'),
(577, 537, 481, '2021-11-02 10:15:58'),
(578, 537, 482, '2021-11-02 10:15:58'),
(579, 539, 483, '2021-11-02 10:27:55'),
(580, 539, 484, '2021-11-02 10:27:55'),
(581, 540, 485, '2021-11-02 10:32:30'),
(582, 540, 486, '2021-11-02 10:32:30'),
(583, 541, 487, '2021-11-02 10:38:09'),
(584, 541, 488, '2021-11-02 10:38:09'),
(585, 542, 489, '2021-11-02 10:42:43'),
(586, 542, 490, '2021-11-02 10:42:43'),
(587, 542, 491, '2021-11-02 10:42:43'),
(588, 543, 492, '2021-11-03 08:54:08'),
(589, 544, 493, '2021-11-03 08:59:22'),
(590, 544, 494, '2021-11-03 08:59:22'),
(591, 544, 495, '2021-11-03 08:59:22'),
(592, 544, 496, '2021-11-03 08:59:22'),
(593, 545, 348, '2021-11-03 09:04:21'),
(594, 546, 497, '2021-11-03 09:08:28'),
(595, 547, 498, '2021-11-03 09:12:27'),
(596, 548, 499, '2021-11-03 09:22:33'),
(597, 549, 186, '2021-11-03 09:36:42'),
(598, 550, 500, '2021-11-03 09:42:18'),
(599, 551, 501, '2021-11-03 09:46:50'),
(600, 552, 502, '2021-11-03 09:49:28'),
(601, 553, 503, '2021-11-03 09:52:50'),
(602, 554, 504, '2021-11-03 09:56:00'),
(603, 555, 504, '2021-11-03 09:58:18'),
(604, 556, 186, '2021-11-03 10:01:57'),
(605, 557, 505, '2021-11-03 10:06:45'),
(606, 558, 506, '2021-11-03 10:08:54'),
(607, 559, 507, '2021-11-03 10:46:45'),
(608, 560, 508, '2021-11-03 10:50:02'),
(609, 561, 509, '2021-11-03 10:52:55'),
(610, 562, 358, '2021-11-03 11:01:24'),
(611, 563, 510, '2021-11-03 11:05:28'),
(612, 564, 511, '2021-11-03 11:08:17'),
(613, 565, 512, '2021-11-03 11:10:37'),
(614, 566, 513, '2021-11-03 11:14:32'),
(615, 568, 475, '2021-11-03 11:34:18'),
(616, 569, 514, '2021-11-03 11:36:07'),
(617, 570, 515, '2021-11-03 11:38:58'),
(618, 571, 516, '2021-11-03 11:43:18'),
(619, 572, 517, '2021-11-03 11:45:11'),
(620, 573, 518, '2021-11-03 11:47:32'),
(621, 574, 519, '2021-11-03 11:51:18'),
(622, 575, 311, '2021-11-03 11:56:09'),
(623, 576, 520, '2021-11-03 12:00:42'),
(624, 577, 521, '2021-11-03 12:17:22'),
(625, 578, 0, '2021-11-03 12:23:00'),
(626, 579, 522, '2021-11-03 12:28:30'),
(627, 579, 523, '2021-11-03 12:28:30'),
(628, 580, 524, '2021-11-03 12:30:31'),
(629, 581, 525, '2021-11-03 12:37:02'),
(630, 582, 383, '2021-11-03 12:38:59'),
(631, 583, 526, '2021-11-03 12:50:12'),
(632, 584, 527, '2021-11-03 12:52:47'),
(633, 585, 528, '2021-11-03 12:54:54'),
(635, 587, 530, '2021-11-04 15:26:34'),
(636, 588, 364, '2021-11-04 15:29:54'),
(637, 589, 531, '2021-11-04 15:33:31'),
(638, 590, 532, '2021-11-04 15:37:00'),
(639, 591, 533, '2021-11-04 15:41:39'),
(640, 592, 534, '2021-11-04 15:43:54'),
(641, 593, 333, '2021-11-04 15:47:29'),
(642, 594, 535, '2021-11-04 15:52:15'),
(643, 595, 535, '2021-11-04 15:55:22'),
(644, 596, 536, '2021-11-04 15:58:34'),
(645, 599, 537, '2021-11-04 16:12:46'),
(646, 599, 538, '2021-11-04 16:12:46'),
(647, 597, 539, '2021-11-04 16:15:03'),
(648, 597, 540, '2021-11-04 16:15:03'),
(649, 601, 541, '2021-11-04 17:09:59'),
(650, 602, 542, '2021-11-04 17:13:28'),
(651, 603, 543, '2021-11-04 17:16:56'),
(652, 604, 84, '2021-11-05 10:14:48'),
(653, 605, 473, '2021-11-05 10:17:19'),
(654, 606, 132, '2021-11-05 10:22:44'),
(655, 607, 544, '2021-11-05 10:25:40'),
(656, 608, 545, '2021-11-05 10:28:58'),
(657, 609, 546, '2021-11-05 10:32:20'),
(658, 610, 547, '2021-11-05 10:35:03'),
(659, 611, 548, '2021-11-05 10:49:02'),
(660, 613, 549, '2021-11-05 10:54:40'),
(661, 614, 550, '2021-11-05 10:57:25'),
(662, 615, 551, '2021-11-05 11:00:11'),
(663, 616, 552, '2021-11-05 11:03:23'),
(664, 617, 553, '2021-11-05 11:08:26'),
(665, 618, 554, '2021-11-05 11:11:03'),
(666, 619, 555, '2021-11-05 11:14:14'),
(667, 620, 527, '2021-11-05 11:15:43'),
(668, 621, 64, '2021-11-05 11:18:04'),
(669, 622, 64, '2021-11-05 11:19:42'),
(670, 623, 272, '2021-11-05 11:21:43'),
(671, 624, 208, '2021-11-05 11:25:49'),
(672, 625, 333, '2021-11-05 11:27:27'),
(673, 626, 556, '2021-11-05 11:30:26'),
(674, 627, 557, '2021-11-05 11:34:30'),
(675, 628, 141, '2021-11-05 12:04:43'),
(676, 629, 558, '2021-11-05 12:07:58'),
(677, 629, 559, '2021-11-05 12:07:58'),
(678, 630, 68, '2021-11-05 12:10:23'),
(679, 631, 560, '2021-11-05 12:13:21'),
(680, 632, 561, '2021-11-05 12:16:29'),
(681, 633, 562, '2021-11-06 09:11:51'),
(682, 633, 563, '2021-11-06 09:11:51'),
(683, 634, 564, '2021-11-06 09:17:17'),
(684, 635, 565, '2021-11-06 09:21:05'),
(685, 636, 566, '2021-11-06 09:25:45'),
(686, 637, 567, '2021-11-06 09:31:21'),
(687, 638, 568, '2021-11-06 09:40:24'),
(688, 639, 569, '2021-11-06 09:44:54'),
(689, 640, 570, '2021-11-06 09:48:14'),
(690, 641, 222, '2021-11-06 09:52:19'),
(691, 642, 571, '2021-11-06 09:57:24'),
(692, 643, 572, '2021-11-06 10:19:09'),
(694, 645, 573, '2021-11-06 10:27:35'),
(695, 646, 224, '2021-11-06 10:30:51'),
(696, 646, 574, '2021-11-06 10:30:51'),
(697, 647, 6, '2021-11-06 10:33:06'),
(698, 648, 575, '2021-11-06 10:36:17'),
(699, 649, 576, '2021-11-06 10:40:37'),
(700, 649, 577, '2021-11-06 10:40:37'),
(701, 650, 578, '2021-11-06 10:43:15'),
(702, 651, 130, '2021-11-06 10:47:03'),
(703, 652, 579, '2021-11-06 10:51:36'),
(704, 644, 224, '2021-11-06 12:56:24'),
(705, 653, 580, '2021-11-07 09:45:51'),
(706, 653, 581, '2021-11-07 09:45:51'),
(707, 654, 580, '2021-11-07 09:50:33'),
(708, 654, 581, '2021-11-07 09:50:33'),
(709, 655, 580, '2021-11-07 09:53:52'),
(710, 655, 581, '2021-11-07 09:53:52'),
(711, 656, 580, '2021-11-07 09:57:28'),
(712, 656, 581, '2021-11-07 09:57:28'),
(713, 657, 580, '2021-11-07 10:00:23'),
(714, 657, 581, '2021-11-07 10:00:23'),
(715, 658, 580, '2021-11-07 10:01:45'),
(716, 658, 581, '2021-11-07 10:01:45'),
(717, 659, 528, '2021-11-07 10:21:43'),
(718, 660, 582, '2021-11-07 10:26:13'),
(719, 661, 583, '2021-11-07 10:30:02'),
(720, 662, 584, '2021-11-07 10:32:52'),
(721, 663, 585, '2021-11-07 10:36:47'),
(722, 664, 475, '2021-11-07 10:39:06'),
(723, 665, 586, '2021-11-07 10:45:22'),
(724, 666, 586, '2021-11-07 10:48:14'),
(725, 667, 130, '2021-11-07 10:51:43'),
(726, 668, 587, '2021-11-07 10:54:37'),
(727, 669, 588, '2021-11-07 11:00:45'),
(728, 670, 589, '2021-11-07 11:05:33'),
(729, 670, 590, '2021-11-07 11:05:33'),
(730, 672, 311, '2021-11-07 11:13:31'),
(731, 673, 591, '2021-11-07 11:16:02'),
(732, 674, 372, '2021-11-07 11:18:33'),
(733, 675, 592, '2021-11-07 11:21:57'),
(734, 676, 311, '2021-11-07 11:24:45'),
(735, 677, 593, '2021-11-07 11:29:20'),
(736, 677, 594, '2021-11-07 11:29:20'),
(737, 677, 595, '2021-11-07 11:29:20'),
(738, 678, 188, '2021-11-07 11:31:22'),
(739, 679, 596, '2021-11-07 11:38:29'),
(741, 681, 598, '2021-11-07 11:44:58'),
(742, 681, 599, '2021-11-07 11:44:58'),
(745, 716, 600, '2021-11-08 12:21:53'),
(746, 717, 601, '2021-11-08 12:29:50'),
(747, 718, 41, '2021-11-08 12:36:26'),
(749, 719, 41, '2021-11-08 12:43:38'),
(750, 720, 41, '2021-11-08 12:44:19'),
(751, 722, 602, '2021-11-10 09:27:24'),
(752, 723, 311, '2021-11-10 09:30:21'),
(753, 724, 311, '2021-11-10 09:33:20'),
(754, 725, 603, '2021-11-10 09:37:22'),
(755, 726, 604, '2021-11-10 09:42:38'),
(756, 727, 605, '2021-11-10 09:45:45'),
(757, 728, 606, '2021-11-10 09:50:06'),
(758, 730, 68, '2021-11-10 09:54:52'),
(759, 731, 607, '2021-11-10 09:59:02'),
(760, 732, 608, '2021-11-10 10:03:37'),
(761, 733, 609, '2021-11-10 10:06:59'),
(762, 734, 314, '2021-11-10 10:10:24'),
(763, 735, 610, '2021-11-10 10:13:44'),
(764, 736, 611, '2021-11-10 10:44:56'),
(765, 737, 612, '2021-11-10 10:48:06'),
(766, 738, 613, '2021-11-10 10:52:17'),
(767, 739, 614, '2021-11-10 10:56:25'),
(768, 740, 6, '2021-11-10 10:59:16'),
(769, 741, 615, '2021-11-10 11:06:50'),
(770, 741, 616, '2021-11-10 11:06:50'),
(771, 742, 617, '2021-11-10 17:29:12'),
(772, 743, 617, '2021-11-10 17:31:26'),
(773, 744, 617, '2021-11-10 17:33:20'),
(774, 745, 617, '2021-11-10 17:35:59'),
(775, 745, 618, '2021-11-10 17:35:59'),
(776, 746, 617, '2021-11-10 17:38:07'),
(777, 746, 618, '2021-11-10 17:38:07'),
(778, 747, 617, '2021-11-10 17:40:14'),
(779, 747, 618, '2021-11-10 17:40:14'),
(780, 748, 617, '2021-11-10 17:42:07'),
(781, 748, 618, '2021-11-10 17:42:07'),
(782, 749, 617, '2021-11-10 17:43:55'),
(783, 749, 618, '2021-11-10 17:43:55'),
(784, 750, 617, '2021-11-10 17:46:26'),
(785, 750, 618, '2021-11-10 17:46:26'),
(786, 751, 617, '2021-11-10 17:48:40'),
(787, 751, 618, '2021-11-10 17:48:40'),
(788, 811, 68, '2021-11-13 08:53:30'),
(789, 813, 387, '2021-11-13 09:10:09'),
(790, 814, 387, '2021-11-13 09:22:39'),
(791, 815, 388, '2021-11-13 09:45:39'),
(792, 816, 387, '2021-11-13 09:50:58'),
(793, 817, 68, '2021-11-13 10:01:06'),
(794, 818, 389, '2021-11-13 10:05:42'),
(795, 819, 619, '2021-11-13 10:11:14'),
(796, 820, 390, '2021-11-13 10:20:12'),
(797, 821, 391, '2021-11-13 10:24:51'),
(798, 823, 392, '2021-11-13 10:32:09'),
(799, 824, 7, '2021-11-13 10:35:28'),
(800, 825, 393, '2021-11-13 10:38:59'),
(801, 826, 394, '2021-11-13 10:51:46'),
(802, 827, 395, '2021-11-13 11:16:52'),
(803, 828, 396, '2021-11-13 11:20:37'),
(804, 829, 354, '2021-11-13 11:29:41'),
(805, 830, 397, '2021-11-13 11:33:56'),
(806, 831, 398, '2021-11-13 11:38:44'),
(807, 832, 286, '2021-11-13 11:42:00'),
(808, 833, 399, '2021-11-13 11:46:45'),
(809, 833, 400, '2021-11-13 11:46:45'),
(810, 834, 401, '2021-11-13 11:50:03'),
(811, 835, 402, '2021-11-13 11:53:02'),
(812, 836, 403, '2021-11-13 11:59:15'),
(813, 837, 404, '2021-11-13 12:02:48'),
(814, 838, 405, '2021-11-13 12:07:16'),
(815, 839, 406, '2021-11-13 12:10:12'),
(816, 840, 407, '2021-11-13 12:12:48'),
(817, 841, 408, '2021-11-13 12:20:34'),
(818, 842, 409, '2021-11-13 12:23:59'),
(819, 843, 410, '2021-11-13 12:27:09'),
(820, 843, 411, '2021-11-13 12:27:09'),
(821, 844, 412, '2021-11-13 12:30:19'),
(822, 845, 354, '2021-11-13 12:33:06'),
(823, 846, 413, '2021-11-13 12:37:06'),
(824, 847, 414, '2021-11-13 12:42:50'),
(825, 848, 415, '2021-11-13 12:45:28'),
(826, 849, 416, '2021-11-13 12:49:05'),
(827, 855, 190, '2021-11-13 14:00:27'),
(828, 857, 417, '2021-11-13 14:59:34'),
(829, 858, 418, '2021-11-13 15:02:52'),
(830, 859, 419, '2021-11-13 15:12:13'),
(831, 860, 420, '2021-11-13 15:15:50'),
(832, 860, 421, '2021-11-13 15:15:50'),
(833, 860, 422, '2021-11-13 15:15:50'),
(834, 860, 423, '2021-11-13 15:15:50'),
(835, 861, 424, '2021-11-13 15:19:29'),
(836, 862, 425, '2021-11-13 15:23:42'),
(837, 864, 426, '2021-11-13 15:30:52'),
(838, 865, 427, '2021-11-13 15:33:56'),
(839, 812, 68, '2021-11-14 12:23:55'),
(840, 887, 620, '2021-11-16 09:03:54'),
(841, 888, 620, '2021-11-16 09:09:49'),
(842, 889, 621, '2021-11-16 09:13:30'),
(843, 890, 621, '2021-11-16 09:15:20'),
(844, 891, 622, '2021-11-16 09:18:24'),
(845, 892, 617, '2021-11-16 09:22:39'),
(846, 892, 623, '2021-11-16 09:22:39'),
(847, 893, 624, '2021-11-16 09:25:42'),
(848, 894, 624, '2021-11-16 09:27:19'),
(849, 895, 625, '2021-11-16 09:40:56'),
(850, 896, 626, '2021-11-16 09:45:17'),
(851, 897, 627, '2021-11-16 09:52:06'),
(852, 898, 628, '2021-11-16 09:58:03'),
(853, 899, 629, '2021-11-16 10:05:21'),
(854, 900, 630, '2021-11-16 10:07:54'),
(855, 901, 631, '2021-11-16 10:11:04'),
(856, 902, 632, '2021-11-16 10:48:48'),
(857, 904, 633, '2021-11-16 11:03:49'),
(858, 906, 634, '2021-11-16 11:23:05'),
(859, 908, 635, '2021-11-16 11:40:38'),
(860, 910, 60, '2021-11-17 08:37:50'),
(861, 910, 61, '2021-11-17 08:37:50'),
(862, 911, 272, '2021-11-17 08:39:38'),
(863, 912, 636, '2021-11-17 08:42:12'),
(864, 913, 637, '2021-11-17 08:46:28'),
(865, 914, 638, '2021-11-17 08:52:45'),
(866, 915, 639, '2021-11-17 09:02:42'),
(867, 918, 640, '2021-11-17 09:16:11'),
(868, 919, 641, '2021-11-17 09:27:18'),
(869, 921, 642, '2021-11-17 09:39:42'),
(870, 922, 643, '2021-11-17 09:42:07'),
(871, 923, 644, '2021-11-17 09:45:19'),
(872, 924, 645, '2021-11-17 09:48:22'),
(873, 926, 529, '2021-11-21 09:40:26'),
(874, 586, 597, '2021-11-21 09:46:48'),
(875, 680, 598, '2021-11-21 09:52:14'),
(876, 680, 599, '2021-11-21 09:52:14'),
(877, 682, 0, '2021-11-21 10:01:05'),
(878, 1, 1, '2022-03-09 12:27:31'),
(879, 2, 2, '2022-03-09 13:09:23'),
(880, 2, 3, '2022-03-09 13:09:23'),
(881, 2, 4, '2022-03-09 13:09:23'),
(882, 2, 5, '2022-03-09 13:09:23'),
(883, 3, 6, '2022-03-09 13:17:26'),
(884, 4, 7, '2022-03-09 13:27:56'),
(885, 5, 8, '2022-03-09 13:31:29'),
(886, 6, 9, '2022-03-09 13:36:15'),
(887, 6, 10, '2022-03-09 13:36:15'),
(888, 8, 11, '2022-03-09 13:43:34'),
(889, 9, 12, '2022-03-09 13:47:01'),
(890, 9, 13, '2022-03-09 13:47:01'),
(891, 9, 14, '2022-03-09 13:47:01'),
(892, 10, 15, '2022-03-09 13:49:36');

-- --------------------------------------------------------

--
-- Table structure for table `tab_books_categories`
--

CREATE TABLE `tab_books_categories` (
  `Id` int UNSIGNED NOT NULL,
  `BookId` int UNSIGNED NOT NULL,
  `CategoryId` int UNSIGNED NOT NULL,
  `CreatedAt` datetime NOT NULL DEFAULT CURRENT_TIMESTAMP
) ENGINE=InnoDB DEFAULT CHARSET=utf8mb3;

--
-- Dumping data for table `tab_books_categories`
--

INSERT INTO `tab_books_categories` (`Id`, `BookId`, `CategoryId`, `CreatedAt`) VALUES
(1, 1, 1, '2022-03-09 19:28:08'),
(2, 2, 3, '2022-03-09 19:28:41'),
(3, 3, 3, '2022-03-09 19:29:00'),
(4, 4, 3, '2022-03-09 19:29:20'),
(5, 5, 2, '2022-03-09 19:29:33'),
(6, 6, 2, '2022-03-09 19:30:09'),
(7, 7, 4, '2022-03-09 19:30:23'),
(8, 8, 2, '2022-03-09 19:30:48'),
(9, 9, 2, '2022-03-09 19:31:40'),
(10, 9, 3, '2022-03-09 19:31:40'),
(11, 10, 2, '2022-03-09 19:32:24'),
(12, 10, 3, '2022-03-09 19:32:24');

-- --------------------------------------------------------

--
-- Table structure for table `tab_categories`
--

CREATE TABLE `tab_categories` (
  `CategoryId` int UNSIGNED NOT NULL,
  `CategoryName` varchar(255) NOT NULL,
  `AboutCategory` longtext,
  `CreatedAt` datetime NOT NULL DEFAULT CURRENT_TIMESTAMP
) ENGINE=InnoDB DEFAULT CHARSET=utf8mb3;

--
-- Dumping data for table `tab_categories`
--

INSERT INTO `tab_categories` (`CategoryId`, `CategoryName`, `AboutCategory`, `CreatedAt`) VALUES
(1, 'Programming concepts', '', '2022-03-09 19:25:16'),
(2, 'Backend programming', '', '2022-03-09 19:25:46'),
(3, 'Frontend programming', '', '2022-03-09 19:26:14'),
(4, 'Frameworks', '', '2022-03-09 19:27:02');

-- --------------------------------------------------------

--
-- Table structure for table `tab_lend_books`
--

CREATE TABLE `tab_lend_books` (
  `Id` int UNSIGNED NOT NULL,
  `BookId` int UNSIGNED NOT NULL,
  `MemberId` int UNSIGNED NOT NULL,
  `LendDate` date NOT NULL,
  `ReturnDate` date DEFAULT NULL,
  `IsReturned` varchar(255) CHARACTER SET utf8 COLLATE utf8_general_ci NOT NULL,
  `CreatedAt` datetime NOT NULL DEFAULT CURRENT_TIMESTAMP
) ENGINE=InnoDB DEFAULT CHARSET=utf8mb3;

--
-- Dumping data for table `tab_lend_books`
--

INSERT INTO `tab_lend_books` (`Id`, `BookId`, `MemberId`, `LendDate`, `ReturnDate`, `IsReturned`, `CreatedAt`) VALUES
(1, 6, 5, '2022-03-10', '2022-03-31', 'yes', '2022-03-10 09:59:48'),
(2, 1, 6, '2022-03-10', '2022-05-10', 'no', '2022-03-10 10:01:59');

-- --------------------------------------------------------

--
-- Table structure for table `tab_library`
--

CREATE TABLE `tab_library` (
  `LibraryId` enum('1') NOT NULL DEFAULT '1',
  `LibraryName` varchar(255) DEFAULT NULL,
  `LibraryImage` varchar(255) DEFAULT NULL,
  `CreatedAt` datetime NOT NULL DEFAULT CURRENT_TIMESTAMP
) ENGINE=InnoDB DEFAULT CHARSET=utf8mb3;

--
-- Dumping data for table `tab_library`
--

INSERT INTO `tab_library` (`LibraryId`, `LibraryName`, `LibraryImage`, `CreatedAt`) VALUES
('1', 'Library Name', '1_Library-Name.jpg', '2021-10-03 10:22:50');

-- --------------------------------------------------------

--
-- Table structure for table `tab_members`
--

CREATE TABLE `tab_members` (
  `MemberId` int UNSIGNED NOT NULL,
  `LoginName` varchar(255) CHARACTER SET utf8 COLLATE utf8_general_ci NOT NULL,
  `Password` varchar(255) NOT NULL,
  `Email` varchar(255) NOT NULL,
  `PhoneNumber` varchar(255) DEFAULT NULL,
  `SubscriptionDate` date NOT NULL,
  `LastLogin` datetime NOT NULL,
  `RangeId` int UNSIGNED NOT NULL,
  `Status` tinyint UNSIGNED NOT NULL DEFAULT '1',
  `CreatedAt` datetime NOT NULL DEFAULT CURRENT_TIMESTAMP
) ENGINE=InnoDB DEFAULT CHARSET=utf8mb3;

--
-- Dumping data for table `tab_members`
--

INSERT INTO `tab_members` (`MemberId`, `LoginName`, `Password`, `Email`, `PhoneNumber`, `SubscriptionDate`, `LastLogin`, `RangeId`, `Status`, `CreatedAt`) VALUES
(1, 'admin1', '$2a$07$yeNCSNwRpYopOhv0TrrReOz7OmptOHZf4om6iyg5m3LQf/RniVD5S', 'admin1@email.com', '0611111111', '2021-08-22', '2022-03-09 10:43:13', 1, 1, '2021-08-26 09:40:57'),
(2, 'admin2', '$2a$07$yeNCSNwRpYopOhv0TrrReOpdR7uyjTNyF90QgQoiJeLRlY5mH1rKa', 'admin2@email.com', '0622222222', '2021-08-22', '2022-03-12 08:34:22', 2, 1, '2021-08-26 09:40:57'),
(3, 'member', '$2a$07$yeNCSNwRpYopOhv0TrrReOqi535Gd5C3caIfcR1E2f/dbWPZq9AdO', 'member@email.com', '0611111111', '2021-09-08', '2022-03-12 01:17:12', 3, 1, '2021-09-08 21:53:33'),
(4, 'visitor', '$2a$07$yeNCSNwRpYopOhv0TrrReO3hSP2eRD.Bc1tpJ1SA4dAiDOWCLCFW2', 'visitor@email.com', '0611111111', '2021-10-01', '2022-03-12 09:41:43', 4, 1, '2021-10-01 21:42:20'),
(5, 'member1Test', '$2a$07$yeNCSNwRpYopOhv0TrrReOupMRRV8zm.4QkwiWjKAlahoCLfFDbXq', 'member1Test@email.com', '0611111111', '2022-03-10', '2022-03-10 10:09:44', 3, 1, '2022-03-10 09:47:54'),
(6, 'member2Test', '$2a$07$yeNCSNwRpYopOhv0TrrReONJIRsBW1d2QchiEx86NIHkMwBTMiaAO', 'member2Test@email.com', '0622222222', '2022-03-10', '2022-03-10 09:53:11', 3, 1, '2022-03-10 09:53:11'),
(7, 'member3Test', '$2a$07$yeNCSNwRpYopOhv0TrrReOnXyRPnI/myJ0Dj/psqc9BA7XLFu0vo2', 'member3Test@email.com', '0633333333', '2022-03-10', '2022-03-10 09:55:36', 3, 1, '2022-03-10 09:55:36');

-- --------------------------------------------------------

--
-- Table structure for table `tab_members_profiles`
--

CREATE TABLE `tab_members_profiles` (
  `MemberId` int UNSIGNED NOT NULL,
  `FirstName` varchar(255) NOT NULL,
  `LastName` varchar(255) NOT NULL,
  `Address` varchar(255) DEFAULT NULL,
  `DOB` date DEFAULT NULL,
  `Image` varchar(255) DEFAULT NULL,
  `CreatedAt` datetime NOT NULL DEFAULT CURRENT_TIMESTAMP
) ENGINE=InnoDB DEFAULT CHARSET=utf8mb3;

--
-- Dumping data for table `tab_members_profiles`
--

INSERT INTO `tab_members_profiles` (`MemberId`, `FirstName`, `LastName`, `Address`, `DOB`, `Image`, `CreatedAt`) VALUES
(1, 'Admin', 'Preparation', '', NULL, NULL, '2021-08-26 09:44:09'),
(2, 'Admin', 'Service', '', NULL, '', '2021-08-26 09:44:09'),
(3, 'Member', 'Members', '', NULL, '', '2021-09-08 21:53:33'),
(4, 'Visitor', 'Visitors', NULL, NULL, NULL, '2021-10-01 21:42:20'),
(5, 'Member', 'First Test', NULL, NULL, NULL, '2022-03-10 09:47:54'),
(6, 'Member', 'Second Test', NULL, NULL, NULL, '2022-03-10 09:53:11'),
(7, 'Member', 'Third Test', NULL, NULL, NULL, '2022-03-10 09:55:36');

-- --------------------------------------------------------

--
-- Table structure for table `tab_ranges`
--

CREATE TABLE `tab_ranges` (
  `RangeId` int UNSIGNED NOT NULL,
  `RangeName` varchar(255) NOT NULL,
  `CreatedAt` datetime NOT NULL DEFAULT CURRENT_TIMESTAMP
) ENGINE=InnoDB DEFAULT CHARSET=utf8mb3;

--
-- Dumping data for table `tab_ranges`
--

INSERT INTO `tab_ranges` (`RangeId`, `RangeName`, `CreatedAt`) VALUES
(1, 'Preparation admin', '2021-08-26 09:43:10'),
(2, 'Service admin', '2021-08-26 09:43:10'),
(3, 'Members', '2021-09-08 21:47:03'),
(4, 'Visitors', '2021-10-01 21:34:39');

-- --------------------------------------------------------

--
-- Table structure for table `tab_ranges_actions`
--

CREATE TABLE `tab_ranges_actions` (
  `Id` int UNSIGNED NOT NULL,
  `RangeId` int UNSIGNED NOT NULL,
  `ActionId` int UNSIGNED NOT NULL,
  `CreatedAt` datetime NOT NULL DEFAULT CURRENT_TIMESTAMP
) ENGINE=InnoDB DEFAULT CHARSET=utf8mb3;

--
-- Dumping data for table `tab_ranges_actions`
--

INSERT INTO `tab_ranges_actions` (`Id`, `RangeId`, `ActionId`, `CreatedAt`) VALUES
(1, 1, 1, '2021-08-26 09:43:49'),
(2, 1, 2, '2021-08-26 09:43:49'),
(7, 2, 1, '2021-09-08 21:48:38'),
(8, 2, 2, '2021-09-08 21:48:38'),
(9, 2, 3, '2021-09-08 21:48:38'),
(10, 2, 4, '2021-09-08 21:48:38'),
(11, 2, 5, '2021-09-08 21:48:38'),
(26, 2, 11, '2021-09-09 10:05:42'),
(27, 2, 12, '2021-09-09 10:05:42'),
(28, 2, 13, '2021-09-09 10:05:42'),
(29, 2, 14, '2021-09-09 10:05:42'),
(30, 2, 15, '2021-09-09 10:05:42'),
(36, 2, 21, '2021-09-09 10:05:42'),
(37, 2, 22, '2021-09-09 10:05:42'),
(38, 2, 23, '2021-09-09 10:05:42'),
(39, 2, 24, '2021-09-09 10:05:42'),
(40, 2, 25, '2021-09-09 10:05:42'),
(41, 2, 26, '2021-09-09 10:05:42'),
(42, 2, 27, '2021-09-09 10:05:42'),
(43, 2, 28, '2021-09-09 10:05:42'),
(44, 2, 29, '2021-09-09 10:05:42'),
(45, 2, 30, '2021-09-09 10:05:42'),
(46, 2, 31, '2021-09-09 10:05:42'),
(47, 2, 32, '2021-09-09 10:05:42'),
(48, 2, 33, '2021-09-09 10:05:42'),
(49, 2, 34, '2021-09-09 10:05:42'),
(50, 2, 35, '2021-09-09 10:05:42'),
(51, 3, 1, '2021-09-09 10:06:42'),
(52, 3, 2, '2021-09-09 10:06:42'),
(54, 3, 11, '2021-09-09 10:06:42'),
(55, 3, 12, '2021-09-09 10:06:42'),
(58, 3, 21, '2021-09-09 10:06:42'),
(59, 3, 22, '2021-09-09 10:06:42'),
(65, 1, 11, '2021-09-09 10:12:17'),
(66, 1, 12, '2021-09-09 10:12:17'),
(69, 1, 21, '2021-09-09 10:12:17'),
(70, 1, 22, '2021-09-09 10:12:17'),
(71, 1, 23, '2021-09-09 10:12:17'),
(72, 1, 24, '2021-09-09 10:12:17'),
(73, 1, 25, '2021-09-09 10:12:17'),
(74, 1, 26, '2021-09-09 10:12:17'),
(75, 1, 27, '2021-09-09 10:12:17'),
(76, 1, 31, '2021-09-09 10:12:17'),
(77, 1, 32, '2021-09-09 10:12:17'),
(78, 1, 36, '2021-09-14 18:34:22'),
(79, 3, 36, '2021-09-14 18:34:36'),
(80, 2, 36, '2021-09-14 18:34:42'),
(81, 2, 6, '2021-09-14 23:36:03'),
(82, 2, 7, '2021-09-14 23:36:03'),
(83, 2, 8, '2021-09-14 23:36:03'),
(84, 2, 9, '2021-09-14 23:36:03'),
(85, 2, 10, '2021-09-14 23:36:03'),
(86, 2, 16, '2021-09-14 23:36:03'),
(87, 2, 17, '2021-09-14 23:36:03'),
(88, 2, 18, '2021-09-14 23:36:03'),
(89, 2, 19, '2021-09-14 23:36:03'),
(90, 2, 20, '2021-09-14 23:36:03'),
(91, 1, 6, '2021-09-14 23:36:35'),
(92, 1, 7, '2021-09-14 23:36:35'),
(93, 1, 16, '2021-09-14 23:36:35'),
(94, 1, 17, '2021-09-14 23:36:35'),
(95, 3, 6, '2021-09-14 23:36:51'),
(96, 3, 7, '2021-09-14 23:36:51'),
(97, 3, 16, '2021-09-14 23:36:51'),
(98, 3, 17, '2021-09-14 23:36:51'),
(99, 1, 37, '2021-09-30 21:49:22'),
(100, 1, 38, '2021-09-30 21:49:22'),
(101, 1, 39, '2021-09-30 21:49:22'),
(102, 1, 40, '2021-09-30 21:49:22'),
(103, 1, 41, '2021-09-30 21:49:22'),
(104, 1, 42, '2021-09-30 21:49:22'),
(105, 2, 37, '2021-09-30 21:49:44'),
(106, 2, 38, '2021-09-30 21:49:44'),
(107, 2, 39, '2021-09-30 21:49:44'),
(108, 2, 40, '2021-09-30 21:49:44'),
(109, 2, 41, '2021-09-30 21:49:44'),
(110, 2, 42, '2021-09-30 21:49:44'),
(111, 3, 37, '2021-09-30 21:49:57'),
(112, 3, 38, '2021-09-30 21:49:57'),
(113, 3, 39, '2021-09-30 21:49:57'),
(114, 3, 40, '2021-09-30 21:49:57'),
(115, 3, 41, '2021-09-30 21:49:57'),
(116, 3, 42, '2021-09-30 21:49:57'),
(117, 4, 1, '2021-10-01 21:34:39'),
(118, 4, 2, '2021-10-01 21:34:39'),
(119, 4, 6, '2021-10-01 21:34:39'),
(120, 4, 7, '2021-10-01 21:34:39'),
(121, 4, 11, '2021-10-01 21:34:39'),
(122, 4, 12, '2021-10-01 21:34:39'),
(123, 4, 36, '2021-10-01 21:34:39'),
(124, 4, 37, '2021-10-01 21:34:39'),
(125, 4, 38, '2021-10-01 21:34:39'),
(126, 1, 43, '2021-10-01 23:22:44'),
(127, 1, 44, '2021-10-01 23:22:44'),
(128, 2, 43, '2021-10-01 23:22:52'),
(129, 2, 44, '2021-10-01 23:22:52'),
(130, 3, 43, '2021-10-01 23:23:01'),
(131, 3, 44, '2021-10-01 23:23:01'),
(132, 2, 45, '2021-10-03 13:19:51'),
(134, 4, 16, '2022-03-11 13:23:56'),
(135, 4, 17, '2022-03-11 13:23:56'),
(136, 4, 21, '2022-03-11 13:23:56'),
(137, 4, 22, '2022-03-11 13:23:56'),
(138, 4, 39, '2022-03-11 13:25:20'),
(139, 4, 40, '2022-03-11 13:25:20'),
(140, 4, 43, '2022-03-11 13:29:33');

--
-- Indexes for dumped tables
--

--
-- Indexes for table `tab_actions`
--
ALTER TABLE `tab_actions`
  ADD PRIMARY KEY (`ActionId`);

--
-- Indexes for table `tab_attachments`
--
ALTER TABLE `tab_attachments`
  ADD PRIMARY KEY (`AttachmentId`);

--
-- Indexes for table `tab_authors`
--
ALTER TABLE `tab_authors`
  ADD PRIMARY KEY (`AuthorId`),
  ADD UNIQUE KEY `AuthorName` (`AuthorName`);

--
-- Indexes for table `tab_books`
--
ALTER TABLE `tab_books`
  ADD PRIMARY KEY (`BookId`);

--
-- Indexes for table `tab_books_attachments`
--
ALTER TABLE `tab_books_attachments`
  ADD PRIMARY KEY (`Id`),
  ADD KEY `BookId` (`BookId`),
  ADD KEY `AttachmentId` (`AttachmentId`);

--
-- Indexes for table `tab_books_authors`
--
ALTER TABLE `tab_books_authors`
  ADD PRIMARY KEY (`Id`),
  ADD KEY `BookId` (`BookId`),
  ADD KEY `AuthorId` (`AuthorId`);

--
-- Indexes for table `tab_books_categories`
--
ALTER TABLE `tab_books_categories`
  ADD PRIMARY KEY (`Id`),
  ADD KEY `BookId` (`BookId`),
  ADD KEY `CategoryId` (`CategoryId`);

--
-- Indexes for table `tab_categories`
--
ALTER TABLE `tab_categories`
  ADD PRIMARY KEY (`CategoryId`);

--
-- Indexes for table `tab_lend_books`
--
ALTER TABLE `tab_lend_books`
  ADD PRIMARY KEY (`Id`),
  ADD KEY `BookId` (`BookId`),
  ADD KEY `MemberId` (`MemberId`);

--
-- Indexes for table `tab_library`
--
ALTER TABLE `tab_library`
  ADD PRIMARY KEY (`LibraryId`);

--
-- Indexes for table `tab_members`
--
ALTER TABLE `tab_members`
  ADD PRIMARY KEY (`MemberId`),
  ADD UNIQUE KEY `Email` (`Email`),
  ADD UNIQUE KEY `MemberName` (`LoginName`) USING BTREE,
  ADD KEY `RangeId` (`RangeId`);

--
-- Indexes for table `tab_members_profiles`
--
ALTER TABLE `tab_members_profiles`
  ADD PRIMARY KEY (`MemberId`);

--
-- Indexes for table `tab_ranges`
--
ALTER TABLE `tab_ranges`
  ADD PRIMARY KEY (`RangeId`);

--
-- Indexes for table `tab_ranges_actions`
--
ALTER TABLE `tab_ranges_actions`
  ADD PRIMARY KEY (`Id`),
  ADD KEY `RangeId` (`RangeId`),
  ADD KEY `ActionId` (`ActionId`);

--
-- AUTO_INCREMENT for dumped tables
--

--
-- AUTO_INCREMENT for table `tab_actions`
--
ALTER TABLE `tab_actions`
  MODIFY `ActionId` int UNSIGNED NOT NULL AUTO_INCREMENT, AUTO_INCREMENT=46;

--
-- AUTO_INCREMENT for table `tab_attachments`
--
ALTER TABLE `tab_attachments`
  MODIFY `AttachmentId` int UNSIGNED NOT NULL AUTO_INCREMENT, AUTO_INCREMENT=5;

--
-- AUTO_INCREMENT for table `tab_authors`
--
ALTER TABLE `tab_authors`
  MODIFY `AuthorId` int UNSIGNED NOT NULL AUTO_INCREMENT, AUTO_INCREMENT=16;

--
-- AUTO_INCREMENT for table `tab_books`
--
ALTER TABLE `tab_books`
  MODIFY `BookId` int UNSIGNED NOT NULL AUTO_INCREMENT, AUTO_INCREMENT=11;

--
-- AUTO_INCREMENT for table `tab_books_attachments`
--
ALTER TABLE `tab_books_attachments`
  MODIFY `Id` int UNSIGNED NOT NULL AUTO_INCREMENT, AUTO_INCREMENT=5;

--
-- AUTO_INCREMENT for table `tab_books_authors`
--
ALTER TABLE `tab_books_authors`
  MODIFY `Id` int UNSIGNED NOT NULL AUTO_INCREMENT, AUTO_INCREMENT=893;

--
-- AUTO_INCREMENT for table `tab_books_categories`
--
ALTER TABLE `tab_books_categories`
  MODIFY `Id` int UNSIGNED NOT NULL AUTO_INCREMENT, AUTO_INCREMENT=13;

--
-- AUTO_INCREMENT for table `tab_categories`
--
ALTER TABLE `tab_categories`
  MODIFY `CategoryId` int UNSIGNED NOT NULL AUTO_INCREMENT, AUTO_INCREMENT=5;

--
-- AUTO_INCREMENT for table `tab_lend_books`
--
ALTER TABLE `tab_lend_books`
  MODIFY `Id` int UNSIGNED NOT NULL AUTO_INCREMENT, AUTO_INCREMENT=3;

--
-- AUTO_INCREMENT for table `tab_members`
--
ALTER TABLE `tab_members`
  MODIFY `MemberId` int UNSIGNED NOT NULL AUTO_INCREMENT, AUTO_INCREMENT=8;

--
-- AUTO_INCREMENT for table `tab_members_profiles`
--
ALTER TABLE `tab_members_profiles`
  MODIFY `MemberId` int UNSIGNED NOT NULL AUTO_INCREMENT, AUTO_INCREMENT=8;

--
-- AUTO_INCREMENT for table `tab_ranges`
--
ALTER TABLE `tab_ranges`
  MODIFY `RangeId` int UNSIGNED NOT NULL AUTO_INCREMENT, AUTO_INCREMENT=5;

--
-- AUTO_INCREMENT for table `tab_ranges_actions`
--
ALTER TABLE `tab_ranges_actions`
  MODIFY `Id` int UNSIGNED NOT NULL AUTO_INCREMENT, AUTO_INCREMENT=141;
COMMIT;

/*!40101 SET CHARACTER_SET_CLIENT=@OLD_CHARACTER_SET_CLIENT */;
/*!40101 SET CHARACTER_SET_RESULTS=@OLD_CHARACTER_SET_RESULTS */;
/*!40101 SET COLLATION_CONNECTION=@OLD_COLLATION_CONNECTION */;
